{
  "feature": "minecraft:ore_diamond_large",
  "placement": [
    {
      "type": "minecraft:count",
      "count": 12
    },
    {
      "type": "minecraft:in_square"
    },
    {
      "type": "minecraft:height_range",
      "height": {
        "type": "minecraft:uniform",
        "min_inclusive": {
          "above_bottom": -80
        },
        "max_inclusive": {
          "above_bottom": 80
        }
      }
    },
    {
      "type": "minecraft:biome"
    }
  ]
}
