{
  "feature": "minecraft:ore_redstone",
  "placement": [
    {
      "type": "minecraft:count",
      "count": 10
    },
    {
      "type": "minecraft:in_square"
    },
    {
      "type": "minecraft:height_range",
      "height": {
        "type": "minecraft:trapezoid",
        "min_inclusive": {
          "above_bottom": -32
        },
        "max_inclusive": {
          "above_bottom": 40
        }
      }
    },
    {
      "type": "minecraft:biome"
    }
  ]
}
